"year";"CO - A";"CO - B"
"2019";"13408.229752590361";"13408.229752590361"
