"year";"PM2,5 - A";"PM2,5 - B"
"2015";"4.116197929272909";"4.116197929272909"
"2016";"3.6331875158750195";"3.6331875158750195"
"2017";"5.443360379517828";"5.443360379517828"
